PFAS,tissue,toadID,day,concentration_ug_per_kg
PFOA,liver,22-0180,0,0
PFOA,liver,22-0181,0,0
PFOA,liver,22-0196,0,0
PFOA,liver,22-0199,0,0
PFOA,liver,22-0201,0,0
PFOA,liver,22-0209,0,0
PFOA,liver,22-0210,0,0
PFOA,liver,22-0213,0,0
PFOA,liver,22-0230,0,0
PFOA,liver,22-0231,0,0
PFOA,liver,22-0246,0,0
PFOA,liver,22-0247,0,0
PFOA,liver,22-0237,0,2.541282319
PFOA,wholebody,22-0180,0,0
PFOA,wholebody,22-0181,0,0
PFOA,wholebody,22-0196,0,0
PFOA,wholebody,22-0199,0,0
PFOA,wholebody,22-0201,0,0
PFOA,wholebody,22-0209,0,0
PFOA,wholebody,22-0210,0,0
PFOA,wholebody,22-0213,0,0
PFOA,wholebody,22-0230,0,0
PFOA,wholebody,22-0231,0,0
PFOA,wholebody,22-0246,0,0
PFOA,wholebody,22-0247,0,0
PFOA,wholebody,22-0237,0,1.950037005
PFOA,liver,22-0197,7,4.118080417
PFOA,liver,22-0212,7,0
PFOA,liver,22-0214,7,0
PFOA,liver,22-0232,7,0
PFOA,liver,22-0234,7,0
PFOA,liver,22-0249,7,0
PFOA,liver,22-0200,14,0
PFOA,liver,22-0215,14,0
PFOA,liver,22-0216,14,2.42
PFOA,liver,22-0233,14,0
PFOA,liver,22-0250,14,1.990049999
PFOA,liver,22-0202,21,0
PFOA,liver,22-0217,21,3.03
PFOA,liver,22-0218,21,2.570288286
PFOA,liver,22-0235,21,1.683966815
PFOA,liver,22-0240,21,0
PFOA,liver,22-0251,21,0
PFOA,liver,22-0203,28,0
PFOA,liver,22-0219,28,0.98
PFOA,liver,22-0221,28,0
PFOA,liver,22-0236,28,0
PFOA,liver,22-0241,28,0
PFOA,liver,22-0252,28,0
PFOA,liver,22-0182,35,0
PFOA,liver,22-0220,35,0
PFOA,liver,22-0224,35,0
PFOA,liver,22-0238,35,0
PFOA,liver,22-0253,35,0
PFOA,liver,22-0255,35,1.25
PFOA,liver,22-0183,42,0
PFOA,liver,00-0206,42,0
PFOA,liver,22-0222,42,1.8
PFOA,liver,22-0225,42,0
PFOA,liver,22-0254,42,0
PFOA,liver,22-0186,49,0
PFOA,liver,22-0205,49,0
PFOA,liver,22-0207,49,0
PFOA,liver,22-0223,49,0
PFOA,liver,22-0226,49,0
PFOA,liver,22-0244,49,0
PFOA,liver,22-0187,56,0
PFOA,liver,22-0208,56,0
PFOA,liver,22-0228,56,0
PFOA,liver,22-0229,56,0
PFOA,liver,22-0245,56,0
PFOA,liver,22-0256,56,0
PFOA,wholebody,22-0197,7,1.334005355
PFOA,wholebody,22-0212,7,0
PFOA,wholebody,22-0214,7,0
PFOA,wholebody,22-0232,7,0
PFOA,wholebody,22-0234,7,0
PFOA,wholebody,22-0249,7,0
PFOA,wholebody,22-0200,14,1.52
PFOA,wholebody,22-0215,14,0
PFOA,wholebody,22-0216,14,3.76
PFOA,wholebody,22-0233,14,0.42
PFOA,wholebody,22-0250,14,1.21
PFOA,wholebody,22-0202,21,2.5
PFOA,wholebody,22-0217,21,6.37
PFOA,wholebody,22-0218,21,1.413739114
PFOA,wholebody,22-0235,21,0
PFOA,wholebody,22-0240,21,0
PFOA,wholebody,22-0251,21,0
PFOA,wholebody,22-0203,28,1.49
PFOA,wholebody,22-0219,28,35.89
PFOA,wholebody,22-0221,28,0
PFOA,wholebody,22-0236,28,1.8
PFOA,wholebody,22-0241,28,0
PFOA,wholebody,22-0252,28,0
PFOA,wholebody,22-0182,35,0
PFOA,wholebody,22-0220,35,1.52
PFOA,wholebody,22-0224,35,0
PFOA,wholebody,22-0238,35,0
PFOA,wholebody,22-0253,35,0
PFOA,wholebody,22-0255,35,0
PFOA,wholebody,22-0183,42,0
PFOA,wholebody,00-0206,42,0
PFOA,wholebody,22-0222,42,0
PFOA,wholebody,22-0225,42,0
PFOA,wholebody,22-0254,42,0
PFOA,wholebody,22-0186,49,0
PFOA,wholebody,22-0205,49,0
PFOA,wholebody,22-0207,49,0
PFOA,wholebody,22-0223,49,0
PFOA,wholebody,22-0226,49,0
PFOA,wholebody,22-0244,49,0
PFOA,wholebody,22-0187,56,0
PFOA,wholebody,22-0208,56,0
PFOA,wholebody,22-0228,56,0
PFOA,wholebody,22-0229,56,0
PFOA,wholebody,22-0245,56,0
PFOA,wholebody,22-0256,56,0
PFOS,liver,22-0180,0,267.1
PFOS,liver,22-0181,0,335.82
PFOS,liver,22-0196,0,256.4252292
PFOS,liver,22-0199,0,219.6923508
PFOS,liver,22-0201,0,384.1378003
PFOS,liver,22-0209,0,136.084561
PFOS,liver,22-0210,0,435.5664266
PFOS,liver,22-0213,0,411.8795978
PFOS,liver,22-0230,0,426.2672052
PFOS,liver,22-0231,0,175.4987701
PFOS,liver,22-0246,0,113.6597539
PFOS,liver,22-0247,0,137.8538954
PFOS,liver,22-0237,0,76.98052967
PFOS,liver,22-0197,7,427.8838315
PFOS,liver,22-0212,7,573.4635391
PFOS,liver,22-0214,7,659.3393481
PFOS,liver,22-0232,7,646.9592774
PFOS,liver,22-0234,7,506.2896842
PFOS,liver,22-0249,7,1168.093668
PFOS,liver,22-0200,14,1424.336938
PFOS,liver,22-0215,14,726.3851
PFOS,liver,22-0216,14,716.4183834
PFOS,liver,22-0233,14,1282.795101
PFOS,liver,22-0250,14,845.9794032
PFOS,liver,22-0202,21,1097.712876
PFOS,liver,22-0217,21,327.4410465
PFOS,liver,22-0218,21,1117.227943
PFOS,liver,22-0235,21,969.107606
PFOS,liver,22-0240,21,849.8145812
PFOS,liver,22-0251,21,1216.326792
PFOS,liver,22-0203,28,1142.910892
PFOS,liver,22-0219,28,1229.386494
PFOS,liver,22-0221,28,1094.172557
PFOS,liver,22-0236,28,1688.804568
PFOS,liver,22-0241,28,1114.049536
PFOS,liver,22-0252,28,1716.112855
PFOS,liver,22-0182,35,2384.09107
PFOS,liver,22-0220,35,2168.800493
PFOS,liver,22-0224,35,2007.845721
PFOS,liver,22-0238,35,252.2545533
PFOS,liver,22-0253,35,939.8654353
PFOS,liver,22-0255,35,1782.58489
PFOS,liver,22-0183,42,887.4796916
PFOS,liver,00-0206,42,965.6774556
PFOS,liver,22-0222,42,1727.020495
PFOS,liver,22-0225,42,1329.058994
PFOS,liver,22-0254,42,1302.487186
PFOS,liver,22-0186,49,1652.950449
PFOS,liver,22-0205,49,824.4140688
PFOS,liver,22-0207,49,2166.001466
PFOS,liver,22-0223,49,820.2509418
PFOS,liver,22-0226,49,1075.329219
PFOS,liver,22-0244,49,1009.711713
PFOS,liver,22-0187,56,1293.369435
PFOS,liver,22-0208,56,1356.726209
PFOS,liver,22-0228,56,1424.999666
PFOS,liver,22-0229,56,926.2783235
PFOS,liver,22-0245,56,924.008934
PFOS,liver,22-0256,56,680.0368322
PFOS,wholebody,22-0180,0,83.16
PFOS,wholebody,22-0181,0,8.34
PFOS,wholebody,22-0196,0,36.31155064
PFOS,wholebody,22-0199,0,38.85892243
PFOS,wholebody,22-0201,0,6.023527906
PFOS,wholebody,22-0209,0,11.07134063
PFOS,wholebody,22-0210,0,19.18507243
PFOS,wholebody,22-0213,0,32.47503909
PFOS,wholebody,22-0230,0,30.59274592
PFOS,wholebody,22-0231,0,14.12241237
PFOS,wholebody,22-0246,0,18.76443031
PFOS,wholebody,22-0247,0,7.358043922
PFOS,wholebody,22-0237,0,39.12453447
PFOS,wholebody,22-0197,7,86.34473604
PFOS,wholebody,22-0212,7,165.6539782
PFOS,wholebody,22-0214,7,386.0525212
PFOS,wholebody,22-0232,7,63.54089254
PFOS,wholebody,22-0234,7,85.29156282
PFOS,wholebody,22-0249,7,158.1589508
PFOS,wholebody,22-0200,14,154.8746296
PFOS,wholebody,22-0215,14,114.3465325
PFOS,wholebody,22-0216,14,795.0169927
PFOS,wholebody,22-0233,14,145.7801144
PFOS,wholebody,22-0250,14,343.2392722
PFOS,wholebody,22-0202,21,182.937415
PFOS,wholebody,22-0217,21,99.99122982
PFOS,wholebody,22-0218,21,773.4238052
PFOS,wholebody,22-0235,21,146.2442009
PFOS,wholebody,22-0240,21,216.1100962
PFOS,wholebody,22-0251,21,278.9892051
PFOS,wholebody,22-0203,28,971.6310845
PFOS,wholebody,22-0219,28,439.7043352
PFOS,wholebody,22-0221,28,513.8412557
PFOS,wholebody,22-0236,28,491.0643169
PFOS,wholebody,22-0241,28,173.1555653
PFOS,wholebody,22-0252,28,509.6984592
PFOS,wholebody,22-0182,35,548.1662941
PFOS,wholebody,22-0220,35,200.128225
PFOS,wholebody,22-0224,35,452.7453618
PFOS,wholebody,22-0238,35,235.3175912
PFOS,wholebody,22-0253,35,162.5434816
PFOS,wholebody,22-0255,35,338.75148
PFOS,wholebody,22-0183,42,324.7281679
PFOS,wholebody,00-0206,42,178.2949461
PFOS,wholebody,22-0222,42,391.8945599
PFOS,wholebody,22-0225,42,670.6008301
PFOS,wholebody,22-0254,42,297.1553649
PFOS,wholebody,22-0186,49,168.9518092
PFOS,wholebody,22-0205,49,377.5168388
PFOS,wholebody,22-0207,49,512.7103069
PFOS,wholebody,22-0223,49,612.3119071
PFOS,wholebody,22-0226,49,292.8432896
PFOS,wholebody,22-0244,49,281.7109818
PFOS,wholebody,22-0187,56,753.9525204
PFOS,wholebody,22-0208,56,607.7052662
PFOS,wholebody,22-0228,56,363.7539039
PFOS,wholebody,22-0229,56,301.7599202
PFOS,wholebody,22-0245,56,201.2435649
PFOS,wholebody,22-0256,56,147.1138776
PFOSA,liver,22-0180,0,0
PFOSA,liver,22-0181,0,0
PFOSA,liver,22-0196,0,0
PFOSA,liver,22-0199,0,0
PFOSA,liver,22-0201,0,0
PFOSA,liver,22-0209,0,0
PFOSA,liver,22-0210,0,0
PFOSA,liver,22-0213,0,0
PFOSA,liver,22-0230,0,0
PFOSA,liver,22-0231,0,0
PFOSA,liver,22-0246,0,0
PFOSA,liver,22-0247,0,0
PFOSA,liver,22-0237,0,0
PFOSA,liver,22-0197,7,412.89
PFOSA,liver,22-0212,7,46.55
PFOSA,liver,22-0214,7,25.38
PFOSA,liver,22-0232,7,75.78
PFOSA,liver,22-0234,7,18.75
PFOSA,liver,22-0249,7,56.41
PFOSA,liver,22-0200,14,60.61
PFOSA,liver,22-0215,14,29.84
PFOSA,liver,22-0216,14,25.35
PFOSA,liver,22-0233,14,67.86
PFOSA,liver,22-0250,14,63.79
PFOSA,liver,22-0202,21,21.67
PFOSA,liver,22-0217,21,19.6
PFOSA,liver,22-0218,21,206.87
PFOSA,liver,22-0235,21,138.22
PFOSA,liver,22-0240,21,141.01
PFOSA,liver,22-0251,21,202.69
PFOSA,liver,22-0203,28,71.63
PFOSA,liver,22-0219,28,49.4
PFOSA,liver,22-0221,28,86.01
PFOSA,liver,22-0236,28,21.28
PFOSA,liver,22-0241,28,33.27
PFOSA,liver,22-0252,28,158.77
PFOSA,liver,22-0182,35,12.73
PFOSA,liver,22-0220,35,31.62
PFOSA,liver,22-0224,35,3.98
PFOSA,liver,22-0238,35,1.28
PFOSA,liver,22-0253,35,39.72
PFOSA,liver,22-0255,35,4.33
PFOSA,liver,22-0183,42,3.85
PFOSA,liver,00-0206,42,0
PFOSA,liver,22-0222,42,3.91
PFOSA,liver,22-0225,42,0
PFOSA,liver,22-0254,42,0
PFOSA,liver,22-0186,49,0
PFOSA,liver,22-0205,49,13.94
PFOSA,liver,22-0207,49,7.31
PFOSA,liver,22-0223,49,22.93
PFOSA,liver,22-0226,49,5.36
PFOSA,liver,22-0244,49,0
PFOSA,liver,22-0187,56,51.54
PFOSA,liver,22-0208,56,0
PFOSA,liver,22-0228,56,0
PFOSA,liver,22-0229,56,9.36
PFOSA,liver,22-0245,56,0
PFOSA,liver,22-0256,56,35.17
PFOSA,wholebody,22-0180,0,0
PFOSA,wholebody,22-0181,0,0
PFOSA,wholebody,22-0196,0,0
PFOSA,wholebody,22-0199,0,0
PFOSA,wholebody,22-0201,0,0
PFOSA,wholebody,22-0209,0,0
PFOSA,wholebody,22-0210,0,0
PFOSA,wholebody,22-0213,0,0
PFOSA,wholebody,22-0230,0,0
PFOSA,wholebody,22-0231,0,0
PFOSA,wholebody,22-0246,0,0
PFOSA,wholebody,22-0247,0,0
PFOSA,wholebody,22-0237,0,0
PFOSA,wholebody,22-0197,7,11.94
PFOSA,wholebody,22-0212,7,385.1
PFOSA,wholebody,22-0214,7,166.15
PFOSA,wholebody,22-0232,7,9.08
PFOSA,wholebody,22-0234,7,6.26
PFOSA,wholebody,22-0249,7,122.02
PFOSA,wholebody,22-0200,14,24.74
PFOSA,wholebody,22-0215,14,3.18
PFOSA,wholebody,22-0216,14,22.57
PFOSA,wholebody,22-0233,14,8.47
PFOSA,wholebody,22-0250,14,7.43
PFOSA,wholebody,22-0202,21,7.57
PFOSA,wholebody,22-0217,21,2.41
PFOSA,wholebody,22-0218,21,384.98
PFOSA,wholebody,22-0235,21,40.84
PFOSA,wholebody,22-0240,21,16.31
PFOSA,wholebody,22-0251,21,71.18
PFOSA,wholebody,22-0203,28,17.29
PFOSA,wholebody,22-0219,28,20.47
PFOSA,wholebody,22-0221,28,275.6
PFOSA,wholebody,22-0236,28,9.75
PFOSA,wholebody,22-0241,28,3.79
PFOSA,wholebody,22-0252,28,46.76
PFOSA,wholebody,22-0182,35,3.71
PFOSA,wholebody,22-0220,35,4.54
PFOSA,wholebody,22-0224,35,2.09
PFOSA,wholebody,22-0238,35,0
PFOSA,wholebody,22-0253,35,8.88
PFOSA,wholebody,22-0255,35,2.86
PFOSA,wholebody,22-0183,42,1.18
PFOSA,wholebody,00-0206,42,1.28
PFOSA,wholebody,22-0222,42,0
PFOSA,wholebody,22-0225,42,0
PFOSA,wholebody,22-0254,42,0
PFOSA,wholebody,22-0186,49,0
PFOSA,wholebody,22-0205,49,4.67
PFOSA,wholebody,22-0207,49,0
PFOSA,wholebody,22-0223,49,11.3
PFOSA,wholebody,22-0226,49,0
PFOSA,wholebody,22-0244,49,0
PFOSA,wholebody,22-0187,56,34.53
PFOSA,wholebody,22-0208,56,0
PFOSA,wholebody,22-0228,56,0
PFOSA,wholebody,22-0229,56,2.48
PFOSA,wholebody,22-0245,56,0
PFOSA,wholebody,22-0256,56,14.92
8:2 FTS,liver,22-0180,0,0
8:2 FTS,liver,22-0181,0,0
8:2 FTS,liver,22-0196,0,0
8:2 FTS,liver,22-0199,0,0
8:2 FTS,liver,22-0201,0,0
8:2 FTS,liver,22-0209,0,0
8:2 FTS,liver,22-0210,0,0
8:2 FTS,liver,22-0213,0,0
8:2 FTS,liver,22-0230,0,0
8:2 FTS,liver,22-0231,0,0
8:2 FTS,liver,22-0246,0,0
8:2 FTS,liver,22-0247,0,0
8:2 FTS,liver,22-0237,0,0
8:2 FTS,liver,22-0197,7,89.42
8:2 FTS,liver,22-0212,7,78.81
8:2 FTS,liver,22-0214,7,88.8
8:2 FTS,liver,22-0232,7,52.91
8:2 FTS,liver,22-0234,7,47.8
8:2 FTS,liver,22-0249,7,80.33
8:2 FTS,liver,22-0200,14,69.55
8:2 FTS,liver,22-0215,14,83.47
8:2 FTS,liver,22-0216,14,94.05
8:2 FTS,liver,22-0233,14,69.31
8:2 FTS,liver,22-0250,14,117.22
8:2 FTS,liver,22-0202,21,133.14
8:2 FTS,liver,22-0217,21,40.24
8:2 FTS,liver,22-0218,21,61.57
8:2 FTS,liver,22-0235,21,132.46
8:2 FTS,liver,22-0240,21,68.32
8:2 FTS,liver,22-0251,21,101.83
8:2 FTS,liver,22-0203,28,92.06
8:2 FTS,liver,22-0219,28,84.09
8:2 FTS,liver,22-0221,28,37.78
8:2 FTS,liver,22-0236,28,68.12
8:2 FTS,liver,22-0241,28,71.92
8:2 FTS,liver,22-0252,28,143.07
8:2 FTS,liver,22-0182,35,41.62
8:2 FTS,liver,22-0220,35,27.81
8:2 FTS,liver,22-0224,35,79.83
8:2 FTS,liver,22-0238,35,8.99
8:2 FTS,liver,22-0253,35,46.71
8:2 FTS,liver,22-0255,35,132.9
8:2 FTS,liver,22-0183,42,19.17
8:2 FTS,liver,00-0206,42,2.27
8:2 FTS,liver,22-0222,42,52.55
8:2 FTS,liver,22-0225,42,7.29
8:2 FTS,liver,22-0254,42,27.9
8:2 FTS,liver,22-0186,49,22.68
8:2 FTS,liver,22-0205,49,23.33
8:2 FTS,liver,22-0207,49,12.26
8:2 FTS,liver,22-0223,49,22.16
8:2 FTS,liver,22-0226,49,17.66
8:2 FTS,liver,22-0244,49,4.62
8:2 FTS,liver,22-0187,56,13.63
8:2 FTS,liver,22-0208,56,6.02
8:2 FTS,liver,22-0228,56,5.84
8:2 FTS,liver,22-0229,56,5.84
8:2 FTS,liver,22-0245,56,2.38
8:2 FTS,liver,22-0256,56,0
8:2 FTS,wholebody,22-0180,0,0
8:2 FTS,wholebody,22-0181,0,0
8:2 FTS,wholebody,22-0196,0,0
8:2 FTS,wholebody,22-0199,0,0
8:2 FTS,wholebody,22-0201,0,0
8:2 FTS,wholebody,22-0209,0,0
8:2 FTS,wholebody,22-0210,0,0
8:2 FTS,wholebody,22-0213,0,0
8:2 FTS,wholebody,22-0230,0,0
8:2 FTS,wholebody,22-0231,0,0
8:2 FTS,wholebody,22-0246,0,0
8:2 FTS,wholebody,22-0247,0,0
8:2 FTS,wholebody,22-0237,0,0
8:2 FTS,wholebody,22-0197,7,23.38
8:2 FTS,wholebody,22-0212,7,49.84
8:2 FTS,wholebody,22-0214,7,85.14
8:2 FTS,wholebody,22-0232,7,20.67
8:2 FTS,wholebody,22-0234,7,16.96
8:2 FTS,wholebody,22-0249,7,36.62
8:2 FTS,wholebody,22-0200,14,21.23
8:2 FTS,wholebody,22-0215,14,22.46
8:2 FTS,wholebody,22-0216,14,176.17
8:2 FTS,wholebody,22-0233,14,12.81
8:2 FTS,wholebody,22-0250,14,41.21
8:2 FTS,wholebody,22-0202,21,37.85
8:2 FTS,wholebody,22-0217,21,21.99
8:2 FTS,wholebody,22-0218,21,75.46
8:2 FTS,wholebody,22-0235,21,22.52
8:2 FTS,wholebody,22-0240,21,21.63
8:2 FTS,wholebody,22-0251,21,37.8
8:2 FTS,wholebody,22-0203,28,67.69
8:2 FTS,wholebody,22-0219,28,67.2
8:2 FTS,wholebody,22-0221,28,30.51
8:2 FTS,wholebody,22-0236,28,32.5
8:2 FTS,wholebody,22-0241,28,18.76
8:2 FTS,wholebody,22-0252,28,65.73
8:2 FTS,wholebody,22-0182,35,17.62
8:2 FTS,wholebody,22-0220,35,4.79
8:2 FTS,wholebody,22-0224,35,38.3
8:2 FTS,wholebody,22-0238,35,12.32
8:2 FTS,wholebody,22-0253,35,11.92
8:2 FTS,wholebody,22-0255,35,52.14
8:2 FTS,wholebody,22-0183,42,12.32
8:2 FTS,wholebody,00-0206,42,0
8:2 FTS,wholebody,22-0222,42,18.33
8:2 FTS,wholebody,22-0225,42,17.16
8:2 FTS,wholebody,22-0254,42,17.59
8:2 FTS,wholebody,22-0186,49,3.94
8:2 FTS,wholebody,22-0205,49,13.52
8:2 FTS,wholebody,22-0207,49,4.49
8:2 FTS,wholebody,22-0223,49,36.28
8:2 FTS,wholebody,22-0226,49,9.86
8:2 FTS,wholebody,22-0244,49,4.56
8:2 FTS,wholebody,22-0187,56,16.52
8:2 FTS,wholebody,22-0208,56,8.07
8:2 FTS,wholebody,22-0228,56,3.35
8:2 FTS,wholebody,22-0229,56,4.06
8:2 FTS,wholebody,22-0245,56,1.23
8:2 FTS,wholebody,22-0256,56,0
PFBS,liver,22-0180,0,0
PFBS,liver,22-0181,0,0
PFBS,liver,22-0196,0,0
PFBS,liver,22-0199,0,16.26
PFBS,liver,22-0201,0,12.05
PFBS,liver,22-0209,0,4.17
PFBS,liver,22-0210,0,0
PFBS,liver,22-0213,0,0
PFBS,liver,22-0230,0,0
PFBS,liver,22-0231,0,0
PFBS,liver,22-0246,0,2.67
PFBS,liver,22-0247,0,2.57
PFBS,liver,22-0237,0,5.88
PFBS,liver,22-0197,7,8.84
PFBS,liver,22-0212,7,2.04
PFBS,liver,22-0214,7,3.32
PFBS,liver,22-0232,7,2.85
PFBS,liver,22-0234,7,0
PFBS,liver,22-0249,7,2.76
PFBS,liver,22-0200,14,4.64
PFBS,liver,22-0215,14,2.21
PFBS,liver,22-0216,14,5.51
PFBS,liver,22-0233,14,4.11
PFBS,liver,22-0250,14,3.07
PFBS,liver,22-0202,21,2.93
PFBS,liver,22-0217,21,2.75
PFBS,liver,22-0218,21,0
PFBS,liver,22-0235,21,8.7
PFBS,liver,22-0240,21,2.95
PFBS,liver,22-0251,21,2.33
PFBS,liver,22-0203,28,2.02
PFBS,liver,22-0219,28,2.27
PFBS,liver,22-0221,28,8.19
PFBS,liver,22-0236,28,3.99
PFBS,liver,22-0241,28,3.15
PFBS,liver,22-0252,28,4.54
PFBS,liver,22-0182,35,0
PFBS,liver,22-0220,35,0
PFBS,liver,22-0224,35,0
PFBS,liver,22-0238,35,0.41
PFBS,liver,22-0253,35,0
PFBS,liver,22-0255,35,0
PFBS,liver,22-0183,42,0
PFBS,liver,00-0206,42,2.85
PFBS,liver,22-0222,42,0
PFBS,liver,22-0225,42,0
PFBS,liver,22-0254,42,0
PFBS,liver,22-0186,49,0
PFBS,liver,22-0205,49,0
PFBS,liver,22-0207,49,0
PFBS,liver,22-0223,49,0
PFBS,liver,22-0226,49,0
PFBS,liver,22-0244,49,0
PFBS,liver,22-0187,56,0
PFBS,liver,22-0208,56,0
PFBS,liver,22-0228,56,0
PFBS,liver,22-0229,56,0
PFBS,liver,22-0245,56,0
PFBS,liver,22-0256,56,0
PFBS,wholebody,22-0180,0,0
PFBS,wholebody,22-0181,0,2.13
PFBS,wholebody,22-0196,0,3.61
PFBS,wholebody,22-0199,0,0
PFBS,wholebody,22-0201,0,2.87
PFBS,wholebody,22-0209,0,3.05
PFBS,wholebody,22-0210,0,6.15
PFBS,wholebody,22-0213,0,0
PFBS,wholebody,22-0230,0,0
PFBS,wholebody,22-0231,0,3.14
PFBS,wholebody,22-0246,0,2.01
PFBS,wholebody,22-0247,0,0
PFBS,wholebody,22-0237,0,1.92
PFBS,wholebody,22-0197,7,6.71
PFBS,wholebody,22-0212,7,2.11
PFBS,wholebody,22-0214,7,4.02
PFBS,wholebody,22-0232,7,2.95
PFBS,wholebody,22-0234,7,4.31
PFBS,wholebody,22-0249,7,2.57
PFBS,wholebody,22-0200,14,6.22
PFBS,wholebody,22-0215,14,3.02
PFBS,wholebody,22-0216,14,7.34
PFBS,wholebody,22-0233,14,3.42
PFBS,wholebody,22-0250,14,8.21
PFBS,wholebody,22-0202,21,16.89
PFBS,wholebody,22-0217,21,5.39
PFBS,wholebody,22-0218,21,6.78
PFBS,wholebody,22-0235,21,6.68
PFBS,wholebody,22-0240,21,2.64
PFBS,wholebody,22-0251,21,5.49
PFBS,wholebody,22-0203,28,42.66
PFBS,wholebody,22-0219,28,79.71
PFBS,wholebody,22-0221,28,13.74
PFBS,wholebody,22-0236,28,13.78
PFBS,wholebody,22-0241,28,2.24
PFBS,wholebody,22-0252,28,11.4
PFBS,wholebody,22-0182,35,4.25
PFBS,wholebody,22-0220,35,1.87
PFBS,wholebody,22-0224,35,5.62
PFBS,wholebody,22-0238,35,3.19
PFBS,wholebody,22-0253,35,0
PFBS,wholebody,22-0255,35,4.3
PFBS,wholebody,22-0183,42,4.05
PFBS,wholebody,00-0206,42,2.19
PFBS,wholebody,22-0222,42,2.83
PFBS,wholebody,22-0225,42,4.07
PFBS,wholebody,22-0254,42,4.27
PFBS,wholebody,22-0186,49,0
PFBS,wholebody,22-0205,49,0
PFBS,wholebody,22-0207,49,4.52
PFBS,wholebody,22-0223,49,3.77
PFBS,wholebody,22-0226,49,3.76
PFBS,wholebody,22-0244,49,0
PFBS,wholebody,22-0187,56,2.3
PFBS,wholebody,22-0208,56,0
PFBS,wholebody,22-0228,56,1.92
PFBS,wholebody,22-0229,56,5.51
PFBS,wholebody,22-0245,56,0
PFBS,wholebody,22-0256,56,0
PFDA,liver,22-0180,0,92.53
PFDA,liver,22-0181,0,14.6
PFDA,liver,22-0196,0,10.36
PFDA,liver,22-0199,0,9.3
PFDA,liver,22-0201,0,10.34
PFDA,liver,22-0209,0,4.21
PFDA,liver,22-0210,0,6.31
PFDA,liver,22-0213,0,12.77
PFDA,liver,22-0230,0,11.26
PFDA,liver,22-0231,0,6.91
PFDA,liver,22-0246,0,2.99
PFDA,liver,22-0247,0,3.75
PFDA,liver,22-0237,0,3.7
PFDA,liver,22-0197,7,278.01
PFDA,liver,22-0212,7,252.64
PFDA,liver,22-0214,7,236.25
PFDA,liver,22-0232,7,269.49
PFDA,liver,22-0234,7,159.24
PFDA,liver,22-0249,7,331.95
PFDA,liver,22-0200,14,422.48
PFDA,liver,22-0215,14,289.82
PFDA,liver,22-0216,14,297.28
PFDA,liver,22-0233,14,379.38
PFDA,liver,22-0250,14,260.1
PFDA,liver,22-0202,21,331.66
PFDA,liver,22-0217,21,148.58
PFDA,liver,22-0218,21,299.91
PFDA,liver,22-0235,21,364.56
PFDA,liver,22-0240,21,416.21
PFDA,liver,22-0251,21,422.94
PFDA,liver,22-0203,28,369.1
PFDA,liver,22-0219,28,454.04
PFDA,liver,22-0221,28,374.39
PFDA,liver,22-0236,28,460.26
PFDA,liver,22-0241,28,402.92
PFDA,liver,22-0252,28,497.6
PFDA,liver,22-0182,35,714.77
PFDA,liver,22-0220,35,613.55
PFDA,liver,22-0224,35,860.61
PFDA,liver,22-0238,35,64.12
PFDA,liver,22-0253,35,316.06
PFDA,liver,22-0255,35,683.91
PFDA,liver,22-0183,42,331.97
PFDA,liver,00-0206,42,134
PFDA,liver,22-0222,42,524.51
PFDA,liver,22-0225,42,343.19
PFDA,liver,22-0254,42,361.55
PFDA,liver,22-0186,49,419.16
PFDA,liver,22-0205,49,371.11
PFDA,liver,22-0207,49,585.63
PFDA,liver,22-0223,49,283.29
PFDA,liver,22-0226,49,302.84
PFDA,liver,22-0244,49,253.73
PFDA,liver,22-0187,56,318.86
PFDA,liver,22-0208,56,362.34
PFDA,liver,22-0228,56,490.77
PFDA,liver,22-0229,56,177.45
PFDA,liver,22-0245,56,183.69
PFDA,liver,22-0256,56,161.18
PFDA,wholebody,22-0180,0,3.75
PFDA,wholebody,22-0181,0,0.98
PFDA,wholebody,22-0196,0,3.15
PFDA,wholebody,22-0199,0,3.38
PFDA,wholebody,22-0201,0,0.79
PFDA,wholebody,22-0209,0,1.39
PFDA,wholebody,22-0210,0,1.22
PFDA,wholebody,22-0213,0,1.62
PFDA,wholebody,22-0230,0,2.85
PFDA,wholebody,22-0231,0,1.39
PFDA,wholebody,22-0246,0,0.92
PFDA,wholebody,22-0247,0,0.86
PFDA,wholebody,22-0237,0,2.94
PFDA,wholebody,22-0197,7,68.49
PFDA,wholebody,22-0212,7,120.09
PFDA,wholebody,22-0214,7,200.7
PFDA,wholebody,22-0232,7,65.33
PFDA,wholebody,22-0234,7,44.95
PFDA,wholebody,22-0249,7,94.69
PFDA,wholebody,22-0200,14,89.74
PFDA,wholebody,22-0215,14,76.54
PFDA,wholebody,22-0216,14,365.59
PFDA,wholebody,22-0233,14,70.62
PFDA,wholebody,22-0250,14,113.66
PFDA,wholebody,22-0202,21,114.43
PFDA,wholebody,22-0217,21,76.34
PFDA,wholebody,22-0218,21,280.53
PFDA,wholebody,22-0235,21,94.17
PFDA,wholebody,22-0240,21,98.37
PFDA,wholebody,22-0251,21,203.47
PFDA,wholebody,22-0203,28,343.91
PFDA,wholebody,22-0219,28,249.88
PFDA,wholebody,22-0221,28,176.78
PFDA,wholebody,22-0236,28,295.87
PFDA,wholebody,22-0241,28,120.29
PFDA,wholebody,22-0252,28,353.59
PFDA,wholebody,22-0182,35,232.63
PFDA,wholebody,22-0220,35,84.96
PFDA,wholebody,22-0224,35,339.22
PFDA,wholebody,22-0238,35,110.16
PFDA,wholebody,22-0253,35,78.91
PFDA,wholebody,22-0255,35,170.52
PFDA,wholebody,22-0183,42,182.66
PFDA,wholebody,00-0206,42,30.24
PFDA,wholebody,22-0222,42,187.24
PFDA,wholebody,22-0225,42,305.34
PFDA,wholebody,22-0254,42,139.47
PFDA,wholebody,22-0186,49,61.98
PFDA,wholebody,22-0205,49,140.9
PFDA,wholebody,22-0207,49,124.15
PFDA,wholebody,22-0223,49,295.87
PFDA,wholebody,22-0226,49,144.67
PFDA,wholebody,22-0244,49,108.59
PFDA,wholebody,22-0187,56,308.48
PFDA,wholebody,22-0208,56,264.47
PFDA,wholebody,22-0228,56,150.24
PFDA,wholebody,22-0229,56,94.91
PFDA,wholebody,22-0245,56,52.04
PFDA,wholebody,22-0256,56,36.12
PFHpA,liver,22-0180,0,0
PFHpA,liver,22-0181,0,0
PFHpA,liver,22-0196,0,0
PFHpA,liver,22-0199,0,0
PFHpA,liver,22-0201,0,0
PFHpA,liver,22-0209,0,0
PFHpA,liver,22-0210,0,0
PFHpA,liver,22-0213,0,0
PFHpA,liver,22-0230,0,0
PFHpA,liver,22-0231,0,0
PFHpA,liver,22-0246,0,0
PFHpA,liver,22-0247,0,0
PFHpA,liver,22-0237,0,0
PFHpA,liver,22-0197,7,0
PFHpA,liver,22-0212,7,0
PFHpA,liver,22-0214,7,0
PFHpA,liver,22-0232,7,0
PFHpA,liver,22-0234,7,0
PFHpA,liver,22-0249,7,0
PFHpA,liver,22-0200,14,0
PFHpA,liver,22-0215,14,0
PFHpA,liver,22-0216,14,0
PFHpA,liver,22-0233,14,3.29
PFHpA,liver,22-0250,14,0
PFHpA,liver,22-0202,21,2.02
PFHpA,liver,22-0217,21,0
PFHpA,liver,22-0218,21,0
PFHpA,liver,22-0235,21,0
PFHpA,liver,22-0240,21,0
PFHpA,liver,22-0251,21,0
PFHpA,liver,22-0203,28,0
PFHpA,liver,22-0219,28,1.79
PFHpA,liver,22-0221,28,0
PFHpA,liver,22-0236,28,0
PFHpA,liver,22-0241,28,0
PFHpA,liver,22-0252,28,0
PFHpA,liver,22-0182,35,0
PFHpA,liver,22-0220,35,0
PFHpA,liver,22-0224,35,0
PFHpA,liver,22-0238,35,0
PFHpA,liver,22-0253,35,0
PFHpA,liver,22-0255,35,0
PFHpA,liver,22-0183,42,0
PFHpA,liver,00-0206,42,0
PFHpA,liver,22-0222,42,3.36
PFHpA,liver,22-0225,42,0
PFHpA,liver,22-0254,42,0
PFHpA,liver,22-0186,49,0
PFHpA,liver,22-0205,49,0
PFHpA,liver,22-0207,49,0
PFHpA,liver,22-0223,49,0
PFHpA,liver,22-0226,49,0
PFHpA,liver,22-0244,49,0
PFHpA,liver,22-0187,56,0
PFHpA,liver,22-0208,56,0
PFHpA,liver,22-0228,56,0
PFHpA,liver,22-0229,56,0
PFHpA,liver,22-0245,56,2.04
PFHpA,liver,22-0256,56,0
PFHpA,wholebody,22-0180,0,0
PFHpA,wholebody,22-0181,0,0
PFHpA,wholebody,22-0196,0,0
PFHpA,wholebody,22-0199,0,0
PFHpA,wholebody,22-0201,0,0
PFHpA,wholebody,22-0209,0,0
PFHpA,wholebody,22-0210,0,0
PFHpA,wholebody,22-0213,0,0
PFHpA,wholebody,22-0230,0,0
PFHpA,wholebody,22-0231,0,0
PFHpA,wholebody,22-0246,0,0
PFHpA,wholebody,22-0247,0,0
PFHpA,wholebody,22-0237,0,0
PFHpA,wholebody,22-0197,7,0
PFHpA,wholebody,22-0212,7,0
PFHpA,wholebody,22-0214,7,0
PFHpA,wholebody,22-0232,7,0
PFHpA,wholebody,22-0234,7,0
PFHpA,wholebody,22-0249,7,0
PFHpA,wholebody,22-0200,14,0
PFHpA,wholebody,22-0215,14,0
PFHpA,wholebody,22-0216,14,0
PFHpA,wholebody,22-0233,14,0.54
PFHpA,wholebody,22-0250,14,0
PFHpA,wholebody,22-0202,21,0
PFHpA,wholebody,22-0217,21,0
PFHpA,wholebody,22-0218,21,0
PFHpA,wholebody,22-0235,21,0
PFHpA,wholebody,22-0240,21,0
PFHpA,wholebody,22-0251,21,0
PFHpA,wholebody,22-0203,28,0
PFHpA,wholebody,22-0219,28,8
PFHpA,wholebody,22-0221,28,0.85
PFHpA,wholebody,22-0236,28,1.53
PFHpA,wholebody,22-0241,28,0
PFHpA,wholebody,22-0252,28,0
PFHpA,wholebody,22-0182,35,0
PFHpA,wholebody,22-0220,35,0
PFHpA,wholebody,22-0224,35,0
PFHpA,wholebody,22-0238,35,0
PFHpA,wholebody,22-0253,35,0.65
PFHpA,wholebody,22-0255,35,0
PFHpA,wholebody,22-0183,42,0
PFHpA,wholebody,00-0206,42,0
PFHpA,wholebody,22-0222,42,0
PFHpA,wholebody,22-0225,42,0
PFHpA,wholebody,22-0254,42,0
PFHpA,wholebody,22-0186,49,0
PFHpA,wholebody,22-0205,49,0
PFHpA,wholebody,22-0207,49,0
PFHpA,wholebody,22-0223,49,0
PFHpA,wholebody,22-0226,49,0
PFHpA,wholebody,22-0244,49,0
PFHpA,wholebody,22-0187,56,0
PFHpA,wholebody,22-0208,56,0
PFHpA,wholebody,22-0228,56,0
PFHpA,wholebody,22-0229,56,0
PFHpA,wholebody,22-0245,56,0
PFHpA,wholebody,22-0256,56,0
PFHpS,liver,22-0180,0,0
PFHpS,liver,22-0181,0,0
PFHpS,liver,22-0196,0,0
PFHpS,liver,22-0199,0,0
PFHpS,liver,22-0201,0,0
PFHpS,liver,22-0209,0,0
PFHpS,liver,22-0210,0,0
PFHpS,liver,22-0213,0,0
PFHpS,liver,22-0230,0,0
PFHpS,liver,22-0231,0,0
PFHpS,liver,22-0246,0,0
PFHpS,liver,22-0247,0,0
PFHpS,liver,22-0237,0,0
PFHpS,liver,22-0197,7,217.5
PFHpS,liver,22-0212,7,633.13
PFHpS,liver,22-0214,7,195.15
PFHpS,liver,22-0232,7,302.78
PFHpS,liver,22-0234,7,352.82
PFHpS,liver,22-0249,7,917.14
PFHpS,liver,22-0200,14,401.53
PFHpS,liver,22-0215,14,498.9
PFHpS,liver,22-0216,14,318.65
PFHpS,liver,22-0233,14,371.17
PFHpS,liver,22-0250,14,658.48
PFHpS,liver,22-0202,21,468.91
PFHpS,liver,22-0217,21,113.01
PFHpS,liver,22-0218,21,140.58
PFHpS,liver,22-0235,21,511.77
PFHpS,liver,22-0240,21,286.71
PFHpS,liver,22-0251,21,550.79
PFHpS,liver,22-0203,28,293.46
PFHpS,liver,22-0219,28,402.86
PFHpS,liver,22-0221,28,61.86
PFHpS,liver,22-0236,28,334.24
PFHpS,liver,22-0241,28,241.02
PFHpS,liver,22-0252,28,966.66
PFHpS,liver,22-0182,35,94.27
PFHpS,liver,22-0220,35,79.91
PFHpS,liver,22-0224,35,364.88
PFHpS,liver,22-0238,35,46.68
PFHpS,liver,22-0253,35,122.97
PFHpS,liver,22-0255,35,671.08
PFHpS,liver,22-0183,42,315.43
PFHpS,liver,00-0206,42,3.4
PFHpS,liver,22-0222,42,346.42
PFHpS,liver,22-0225,42,7.63
PFHpS,liver,22-0254,42,49.58
PFHpS,liver,22-0186,49,19.17
PFHpS,liver,22-0205,49,78.99
PFHpS,liver,22-0207,49,70.71
PFHpS,liver,22-0223,49,24.92
PFHpS,liver,22-0226,49,49.24
PFHpS,liver,22-0244,49,20.46
PFHpS,liver,22-0187,56,32.29
PFHpS,liver,22-0208,56,21.85
PFHpS,liver,22-0228,56,11.56
PFHpS,liver,22-0229,56,30.13
PFHpS,liver,22-0245,56,11.08
PFHpS,liver,22-0256,56,0
PFHpS,wholebody,22-0180,0,0
PFHpS,wholebody,22-0181,0,0
PFHpS,wholebody,22-0196,0,0
PFHpS,wholebody,22-0199,0,0
PFHpS,wholebody,22-0201,0,0
PFHpS,wholebody,22-0209,0,0
PFHpS,wholebody,22-0210,0,0
PFHpS,wholebody,22-0213,0,0
PFHpS,wholebody,22-0230,0,0
PFHpS,wholebody,22-0231,0,0
PFHpS,wholebody,22-0246,0,0
PFHpS,wholebody,22-0247,0,0
PFHpS,wholebody,22-0237,0,0
PFHpS,wholebody,22-0197,7,30.04
PFHpS,wholebody,22-0212,7,128.44
PFHpS,wholebody,22-0214,7,89.71
PFHpS,wholebody,22-0232,7,63.57
PFHpS,wholebody,22-0234,7,52.48
PFHpS,wholebody,22-0249,7,70.11
PFHpS,wholebody,22-0200,14,70.48
PFHpS,wholebody,22-0215,14,61.18
PFHpS,wholebody,22-0216,14,552.85
PFHpS,wholebody,22-0233,14,42.67
PFHpS,wholebody,22-0250,14,234.6
PFHpS,wholebody,22-0202,21,78.76
PFHpS,wholebody,22-0217,21,41.96
PFHpS,wholebody,22-0218,21,103.62
PFHpS,wholebody,22-0235,21,48.43
PFHpS,wholebody,22-0240,21,76.02
PFHpS,wholebody,22-0251,21,124.31
PFHpS,wholebody,22-0203,28,659.37
PFHpS,wholebody,22-0219,28,248.16
PFHpS,wholebody,22-0221,28,34.87
PFHpS,wholebody,22-0236,28,81.29
PFHpS,wholebody,22-0241,28,37.56
PFHpS,wholebody,22-0252,28,279.59
PFHpS,wholebody,22-0182,35,25.83
PFHpS,wholebody,22-0220,35,9.06
PFHpS,wholebody,22-0224,35,65.97
PFHpS,wholebody,22-0238,35,30.34
PFHpS,wholebody,22-0253,35,12.38
PFHpS,wholebody,22-0255,35,98.61
PFHpS,wholebody,22-0183,42,103.98
PFHpS,wholebody,00-0206,42,0
PFHpS,wholebody,22-0222,42,51.71
PFHpS,wholebody,22-0225,42,47.31
PFHpS,wholebody,22-0254,42,13.25
PFHpS,wholebody,22-0186,49,2.27
PFHpS,wholebody,22-0205,49,20.7
PFHpS,wholebody,22-0207,49,0
PFHpS,wholebody,22-0223,49,33.46
PFHpS,wholebody,22-0226,49,16.1
PFHpS,wholebody,22-0244,49,5.79
PFHpS,wholebody,22-0187,56,36.04
PFHpS,wholebody,22-0208,56,15.01
PFHpS,wholebody,22-0228,56,6.21
PFHpS,wholebody,22-0229,56,9.28
PFHpS,wholebody,22-0245,56,3.51
PFHpS,wholebody,22-0256,56,0
PFHxS,liver,22-0180,0,0
PFHxS,liver,22-0181,0,0
PFHxS,liver,22-0196,0,0
PFHxS,liver,22-0199,0,0
PFHxS,liver,22-0201,0,0
PFHxS,liver,22-0209,0,0
PFHxS,liver,22-0210,0,0
PFHxS,liver,22-0213,0,3.3
PFHxS,liver,22-0230,0,5.45
PFHxS,liver,22-0231,0,0
PFHxS,liver,22-0246,0,0
PFHxS,liver,22-0247,0,0
PFHxS,liver,22-0237,0,4.58
PFHxS,liver,22-0197,7,27.81
PFHxS,liver,22-0212,7,15.86
PFHxS,liver,22-0214,7,4.67
PFHxS,liver,22-0232,7,10.86
PFHxS,liver,22-0234,7,7.03
PFHxS,liver,22-0249,7,21.52
PFHxS,liver,22-0200,14,5.89
PFHxS,liver,22-0215,14,8.9
PFHxS,liver,22-0216,14,4.22
PFHxS,liver,22-0233,14,7.01
PFHxS,liver,22-0250,14,31.39
PFHxS,liver,22-0202,21,3.69
PFHxS,liver,22-0217,21,3.65
PFHxS,liver,22-0218,21,3.34
PFHxS,liver,22-0235,21,52.94
PFHxS,liver,22-0240,21,5.22
PFHxS,liver,22-0251,21,4.19
PFHxS,liver,22-0203,28,10.84
PFHxS,liver,22-0219,28,11.04
PFHxS,liver,22-0221,28,2.66
PFHxS,liver,22-0236,28,12.58
PFHxS,liver,22-0241,28,6.46
PFHxS,liver,22-0252,28,16.91
PFHxS,liver,22-0182,35,1.18
PFHxS,liver,22-0220,35,2.95
PFHxS,liver,22-0224,35,3.22
PFHxS,liver,22-0238,35,0.62
PFHxS,liver,22-0253,35,6.43
PFHxS,liver,22-0255,35,4.69
PFHxS,liver,22-0183,42,0
PFHxS,liver,00-0206,42,0
PFHxS,liver,22-0222,42,1.51
PFHxS,liver,22-0225,42,0
PFHxS,liver,22-0254,42,0.48
PFHxS,liver,22-0186,49,0
PFHxS,liver,22-0205,49,6.28
PFHxS,liver,22-0207,49,1.78
PFHxS,liver,22-0223,49,0
PFHxS,liver,22-0226,49,2.14
PFHxS,liver,22-0244,49,0
PFHxS,liver,22-0187,56,0
PFHxS,liver,22-0208,56,0
PFHxS,liver,22-0228,56,0
PFHxS,liver,22-0229,56,0
PFHxS,liver,22-0245,56,0
PFHxS,liver,22-0256,56,0
PFHxS,wholebody,22-0180,0,0
PFHxS,wholebody,22-0181,0,2.49
PFHxS,wholebody,22-0196,0,0
PFHxS,wholebody,22-0199,0,0
PFHxS,wholebody,22-0201,0,0
PFHxS,wholebody,22-0209,0,0
PFHxS,wholebody,22-0210,0,0
PFHxS,wholebody,22-0213,0,0
PFHxS,wholebody,22-0230,0,0
PFHxS,wholebody,22-0231,0,0
PFHxS,wholebody,22-0246,0,0
PFHxS,wholebody,22-0247,0,0.42
PFHxS,wholebody,22-0237,0,0
PFHxS,wholebody,22-0197,7,5.17
PFHxS,wholebody,22-0212,7,3.9
PFHxS,wholebody,22-0214,7,2.39
PFHxS,wholebody,22-0232,7,6.88
PFHxS,wholebody,22-0234,7,6.23
PFHxS,wholebody,22-0249,7,2.28
PFHxS,wholebody,22-0200,14,2.93
PFHxS,wholebody,22-0215,14,3.02
PFHxS,wholebody,22-0216,14,27.33
PFHxS,wholebody,22-0233,14,5.32
PFHxS,wholebody,22-0250,14,39.62
PFHxS,wholebody,22-0202,21,5.06
PFHxS,wholebody,22-0217,21,5.12
PFHxS,wholebody,22-0218,21,12.36
PFHxS,wholebody,22-0235,21,7.12
PFHxS,wholebody,22-0240,21,2.36
PFHxS,wholebody,22-0251,21,4.9
PFHxS,wholebody,22-0203,28,19.59
PFHxS,wholebody,22-0219,28,303.17
PFHxS,wholebody,22-0221,28,2.53
PFHxS,wholebody,22-0236,28,20.66
PFHxS,wholebody,22-0241,28,1.74
PFHxS,wholebody,22-0252,28,7.29
PFHxS,wholebody,22-0182,35,0
PFHxS,wholebody,22-0220,35,0.76
PFHxS,wholebody,22-0224,35,2.3
PFHxS,wholebody,22-0238,35,0
PFHxS,wholebody,22-0253,35,1.18
PFHxS,wholebody,22-0255,35,2.43
PFHxS,wholebody,22-0183,42,0
PFHxS,wholebody,00-0206,42,0
PFHxS,wholebody,22-0222,42,0
PFHxS,wholebody,22-0225,42,0
PFHxS,wholebody,22-0254,42,0
PFHxS,wholebody,22-0186,49,0
PFHxS,wholebody,22-0205,49,0
PFHxS,wholebody,22-0207,49,1.07
PFHxS,wholebody,22-0223,49,0
PFHxS,wholebody,22-0226,49,2.39
PFHxS,wholebody,22-0244,49,0
PFHxS,wholebody,22-0187,56,0
PFHxS,wholebody,22-0208,56,0
PFHxS,wholebody,22-0228,56,0
PFHxS,wholebody,22-0229,56,1.53
PFHxS,wholebody,22-0245,56,0
PFHxS,wholebody,22-0256,56,0
PFTrDA,liver,22-0180,0,186.18
PFTrDA,liver,22-0181,0,34.04
PFTrDA,liver,22-0196,0,37.59
PFTrDA,liver,22-0199,0,16.45
PFTrDA,liver,22-0201,0,0
PFTrDA,liver,22-0209,0,33.69
PFTrDA,liver,22-0210,0,198.54
PFTrDA,liver,22-0213,0,62.75
PFTrDA,liver,22-0230,0,247.02
PFTrDA,liver,22-0231,0,23.61
PFTrDA,liver,22-0246,0,35.08
PFTrDA,liver,22-0247,0,24.41
PFTrDA,liver,22-0237,0,0
PFTrDA,liver,22-0197,7,40.1
PFTrDA,liver,22-0212,7,25.07
PFTrDA,liver,22-0214,7,51.63
PFTrDA,liver,22-0232,7,21.15
PFTrDA,liver,22-0234,7,17.37
PFTrDA,liver,22-0249,7,35.71
PFTrDA,liver,22-0200,14,347.83
PFTrDA,liver,22-0215,14,8.93
PFTrDA,liver,22-0216,14,0
PFTrDA,liver,22-0233,14,131.79
PFTrDA,liver,22-0250,14,44.36
PFTrDA,liver,22-0202,21,147.28
PFTrDA,liver,22-0217,21,0
PFTrDA,liver,22-0218,21,34.53
PFTrDA,liver,22-0235,21,61.82
PFTrDA,liver,22-0240,21,10.02
PFTrDA,liver,22-0251,21,30.39
PFTrDA,liver,22-0203,28,32.32
PFTrDA,liver,22-0219,28,138.99
PFTrDA,liver,22-0221,28,0
PFTrDA,liver,22-0236,28,309.61
PFTrDA,liver,22-0241,28,0
PFTrDA,liver,22-0252,28,19.42
PFTrDA,liver,22-0182,35,52.7
PFTrDA,liver,22-0220,35,66.55
PFTrDA,liver,22-0224,35,18.26
PFTrDA,liver,22-0238,35,13.03
PFTrDA,liver,22-0253,35,65.95
PFTrDA,liver,22-0255,35,204.8
PFTrDA,liver,22-0183,42,15.31
PFTrDA,liver,00-0206,42,13.89
PFTrDA,liver,22-0222,42,184.72
PFTrDA,liver,22-0225,42,0
PFTrDA,liver,22-0254,42,41.64
PFTrDA,liver,22-0186,49,23.92
PFTrDA,liver,22-0205,49,31.17
PFTrDA,liver,22-0207,49,202.32
PFTrDA,liver,22-0223,49,38
PFTrDA,liver,22-0226,49,59.95
PFTrDA,liver,22-0244,49,115.81
PFTrDA,liver,22-0187,56,32.69
PFTrDA,liver,22-0208,56,59.31
PFTrDA,liver,22-0228,56,98.89
PFTrDA,liver,22-0229,56,16.48
PFTrDA,liver,22-0245,56,54.02
PFTrDA,liver,22-0256,56,36.88
PFTrDA,wholebody,22-0180,0,72.77
PFTrDA,wholebody,22-0181,0,7.43
PFTrDA,wholebody,22-0196,0,25.22
PFTrDA,wholebody,22-0199,0,13.06
PFTrDA,wholebody,22-0201,0,0
PFTrDA,wholebody,22-0209,0,9.11
PFTrDA,wholebody,22-0210,0,24
PFTrDA,wholebody,22-0213,0,16.78
PFTrDA,wholebody,22-0230,0,63.3
PFTrDA,wholebody,22-0231,0,0
PFTrDA,wholebody,22-0246,0,11.93
PFTrDA,wholebody,22-0247,0,6.69
PFTrDA,wholebody,22-0237,0,8.4
PFTrDA,wholebody,22-0197,7,18.36
PFTrDA,wholebody,22-0212,7,30.53
PFTrDA,wholebody,22-0214,7,50.67
PFTrDA,wholebody,22-0232,7,10.94
PFTrDA,wholebody,22-0234,7,10.02
PFTrDA,wholebody,22-0249,7,39.1
PFTrDA,wholebody,22-0200,14,51.68
PFTrDA,wholebody,22-0215,14,0
PFTrDA,wholebody,22-0216,14,18.78
PFTrDA,wholebody,22-0233,14,32.7
PFTrDA,wholebody,22-0250,14,40.62
PFTrDA,wholebody,22-0202,21,94.46
PFTrDA,wholebody,22-0217,21,0
PFTrDA,wholebody,22-0218,21,54.62
PFTrDA,wholebody,22-0235,21,18.37
PFTrDA,wholebody,22-0240,21,0
PFTrDA,wholebody,22-0251,21,20.13
PFTrDA,wholebody,22-0203,28,0
PFTrDA,wholebody,22-0219,28,62.23
PFTrDA,wholebody,22-0221,28,9.42
PFTrDA,wholebody,22-0236,28,95.4
PFTrDA,wholebody,22-0241,28,0
PFTrDA,wholebody,22-0252,28,0
PFTrDA,wholebody,22-0182,35,25.34
PFTrDA,wholebody,22-0220,35,13.62
PFTrDA,wholebody,22-0224,35,0
PFTrDA,wholebody,22-0238,35,22.49
PFTrDA,wholebody,22-0253,35,7.44
PFTrDA,wholebody,22-0255,35,121.87
PFTrDA,wholebody,22-0183,42,13.19
PFTrDA,wholebody,00-0206,42,0
PFTrDA,wholebody,22-0222,42,101.32
PFTrDA,wholebody,22-0225,42,0
PFTrDA,wholebody,22-0254,42,16.12
PFTrDA,wholebody,22-0186,49,7.02
PFTrDA,wholebody,22-0205,49,0
PFTrDA,wholebody,22-0207,49,66.52
PFTrDA,wholebody,22-0223,49,48.93
PFTrDA,wholebody,22-0226,49,34.93
PFTrDA,wholebody,22-0244,49,43.64
PFTrDA,wholebody,22-0187,56,34.67
PFTrDA,wholebody,22-0208,56,27.27
PFTrDA,wholebody,22-0228,56,48.15
PFTrDA,wholebody,22-0229,56,9.86
PFTrDA,wholebody,22-0245,56,25.1
PFTrDA,wholebody,22-0256,56,9.18
PFNA,liver,22-0180,0,1.76
PFNA,liver,22-0181,0,0
PFNA,liver,22-0196,0,0
PFNA,liver,22-0199,0,0
PFNA,liver,22-0201,0,0
PFNA,liver,22-0209,0,0
PFNA,liver,22-0210,0,0
PFNA,liver,22-0213,0,0
PFNA,liver,22-0230,0,1.07
PFNA,liver,22-0231,0,0
PFNA,liver,22-0246,0,0
PFNA,liver,22-0247,0,0
PFNA,liver,22-0237,0,0
PFNA,liver,22-0197,7,13.83
PFNA,liver,22-0212,7,51.96
PFNA,liver,22-0214,7,7.88
PFNA,liver,22-0232,7,10.19
PFNA,liver,22-0234,7,18.69
PFNA,liver,22-0249,7,36.79
PFNA,liver,22-0200,14,14.02
PFNA,liver,22-0215,14,11.04
PFNA,liver,22-0216,14,13
PFNA,liver,22-0233,14,16.94
PFNA,liver,22-0250,14,148.83
PFNA,liver,22-0202,21,22.16
PFNA,liver,22-0217,21,4.9
PFNA,liver,22-0218,21,3.28
PFNA,liver,22-0235,21,37.44
PFNA,liver,22-0240,21,6.53
PFNA,liver,22-0251,21,18.79
PFNA,liver,22-0203,28,9.99
PFNA,liver,22-0219,28,27.35
PFNA,liver,22-0221,28,0
PFNA,liver,22-0236,28,16.72
PFNA,liver,22-0241,28,10.86
PFNA,liver,22-0252,28,33.54
PFNA,liver,22-0182,35,0
PFNA,liver,22-0220,35,0
PFNA,liver,22-0224,35,8.89
PFNA,liver,22-0238,35,0.58
PFNA,liver,22-0253,35,13.04
PFNA,liver,22-0255,35,9.23
PFNA,liver,22-0183,42,8.71
PFNA,liver,00-0206,42,0
PFNA,liver,22-0222,42,11.01
PFNA,liver,22-0225,42,0
PFNA,liver,22-0254,42,0
PFNA,liver,22-0186,49,0
PFNA,liver,22-0205,49,7.09
PFNA,liver,22-0207,49,10.73
PFNA,liver,22-0223,49,0
PFNA,liver,22-0226,49,0
PFNA,liver,22-0244,49,1.96
PFNA,liver,22-0187,56,0
PFNA,liver,22-0208,56,0
PFNA,liver,22-0228,56,0
PFNA,liver,22-0229,56,0
PFNA,liver,22-0245,56,0
PFNA,liver,22-0256,56,0
PFNA,wholebody,22-0180,0,0
PFNA,wholebody,22-0181,0,0
PFNA,wholebody,22-0196,0,0
PFNA,wholebody,22-0199,0,0
PFNA,wholebody,22-0201,0,0
PFNA,wholebody,22-0209,0,0
PFNA,wholebody,22-0210,0,0
PFNA,wholebody,22-0213,0,0
PFNA,wholebody,22-0230,0,0
PFNA,wholebody,22-0231,0,0
PFNA,wholebody,22-0246,0,0
PFNA,wholebody,22-0247,0,0
PFNA,wholebody,22-0237,0,0
PFNA,wholebody,22-0197,7,4.16
PFNA,wholebody,22-0212,7,13.95
PFNA,wholebody,22-0214,7,5.03
PFNA,wholebody,22-0232,7,5.69
PFNA,wholebody,22-0234,7,10.08
PFNA,wholebody,22-0249,7,4.64
PFNA,wholebody,22-0200,14,4.65
PFNA,wholebody,22-0215,14,3.09
PFNA,wholebody,22-0216,14,56.04
PFNA,wholebody,22-0233,14,4.89
PFNA,wholebody,22-0250,14,57.63
PFNA,wholebody,22-0202,21,7.45
PFNA,wholebody,22-0217,21,5.97
PFNA,wholebody,22-0218,21,5.71
PFNA,wholebody,22-0235,21,5.5
PFNA,wholebody,22-0240,21,4.04
PFNA,wholebody,22-0251,21,9.18
PFNA,wholebody,22-0203,28,0
PFNA,wholebody,22-0219,28,91.44
PFNA,wholebody,22-0221,28,2.25
PFNA,wholebody,22-0236,28,5.77
PFNA,wholebody,22-0241,28,3.81
PFNA,wholebody,22-0252,28,21.64
PFNA,wholebody,22-0182,35,1.79
PFNA,wholebody,22-0220,35,0
PFNA,wholebody,22-0224,35,5.63
PFNA,wholebody,22-0238,35,0
PFNA,wholebody,22-0253,35,1.32
PFNA,wholebody,22-0255,35,3.52
PFNA,wholebody,22-0183,42,4.84
PFNA,wholebody,00-0206,42,0
PFNA,wholebody,22-0222,42,2.44
PFNA,wholebody,22-0225,42,4.16
PFNA,wholebody,22-0254,42,0
PFNA,wholebody,22-0186,49,0
PFNA,wholebody,22-0205,49,0
PFNA,wholebody,22-0207,49,0
PFNA,wholebody,22-0223,49,0
PFNA,wholebody,22-0226,49,0
PFNA,wholebody,22-0244,49,0
PFNA,wholebody,22-0187,56,3.09
PFNA,wholebody,22-0208,56,0
PFNA,wholebody,22-0228,56,0
PFNA,wholebody,22-0229,56,0
PFNA,wholebody,22-0245,56,0
PFNA,wholebody,22-0256,56,0
PFTeDA,liver,22-0180,0,97.53
PFTeDA,liver,22-0181,0,18.16
PFTeDA,liver,22-0196,0,25.51
PFTeDA,liver,22-0199,0,15.82
PFTeDA,liver,22-0201,0,26.43
PFTeDA,liver,22-0209,0,20.78
PFTeDA,liver,22-0210,0,119.2
PFTeDA,liver,22-0213,0,43.91
PFTeDA,liver,22-0230,0,140.62
PFTeDA,liver,22-0231,0,25.54
PFTeDA,liver,22-0246,0,35.46
PFTeDA,liver,22-0247,0,21.7
PFTeDA,liver,22-0237,0,9.56
PFTeDA,liver,22-0197,7,64.93
PFTeDA,liver,22-0212,7,36.74
PFTeDA,liver,22-0214,7,39.22
PFTeDA,liver,22-0232,7,21.54
PFTeDA,liver,22-0234,7,25.91
PFTeDA,liver,22-0249,7,45.41
PFTeDA,liver,22-0200,14,269.57
PFTeDA,liver,22-0215,14,14.4
PFTeDA,liver,22-0216,14,15.02
PFTeDA,liver,22-0233,14,152.05
PFTeDA,liver,22-0250,14,56.32
PFTeDA,liver,22-0202,21,194.91
PFTeDA,liver,22-0217,21,8.86
PFTeDA,liver,22-0218,21,37.67
PFTeDA,liver,22-0235,21,54.73
PFTeDA,liver,22-0240,21,13.14
PFTeDA,liver,22-0251,21,32.19
PFTeDA,liver,22-0203,28,44.31
PFTeDA,liver,22-0219,28,136.55
PFTeDA,liver,22-0221,28,13.44
PFTeDA,liver,22-0236,28,256.13
PFTeDA,liver,22-0241,28,12.84
PFTeDA,liver,22-0252,28,22.39
PFTeDA,liver,22-0182,35,66.73
PFTeDA,liver,22-0220,35,59.29
PFTeDA,liver,22-0224,35,26.18
PFTeDA,liver,22-0238,35,12.23
PFTeDA,liver,22-0253,35,50.67
PFTeDA,liver,22-0255,35,281.1
PFTeDA,liver,22-0183,42,21.66
PFTeDA,liver,00-0206,42,18.36
PFTeDA,liver,22-0222,42,217.99
PFTeDA,liver,22-0225,42,25.4
PFTeDA,liver,22-0254,42,39.13
PFTeDA,liver,22-0186,49,36.64
PFTeDA,liver,22-0205,49,30.46
PFTeDA,liver,22-0207,49,192.86
PFTeDA,liver,22-0223,49,38.58
PFTeDA,liver,22-0226,49,90.16
PFTeDA,liver,22-0244,49,174.9
PFTeDA,liver,22-0187,56,41.51
PFTeDA,liver,22-0208,56,71.3
PFTeDA,liver,22-0228,56,83.69
PFTeDA,liver,22-0229,56,28.16
PFTeDA,liver,22-0245,56,72.21
PFTeDA,liver,22-0256,56,39.11
PFTeDA,wholebody,22-0180,0,49.39
PFTeDA,wholebody,22-0181,0,3
PFTeDA,wholebody,22-0196,0,11.73
PFTeDA,wholebody,22-0199,0,11.48
PFTeDA,wholebody,22-0201,0,2.58
PFTeDA,wholebody,22-0209,0,10.47
PFTeDA,wholebody,22-0210,0,22.95
PFTeDA,wholebody,22-0213,0,14.1
PFTeDA,wholebody,22-0230,0,54.43
PFTeDA,wholebody,22-0231,0,5.15
PFTeDA,wholebody,22-0246,0,11.73
PFTeDA,wholebody,22-0247,0,6.64
PFTeDA,wholebody,22-0237,0,9.54
PFTeDA,wholebody,22-0197,7,24.3
PFTeDA,wholebody,22-0212,7,34.06
PFTeDA,wholebody,22-0214,7,37.59
PFTeDA,wholebody,22-0232,7,9.51
PFTeDA,wholebody,22-0234,7,11.67
PFTeDA,wholebody,22-0249,7,35.92
PFTeDA,wholebody,22-0200,14,42.46
PFTeDA,wholebody,22-0215,14,4.94
PFTeDA,wholebody,22-0216,14,21.87
PFTeDA,wholebody,22-0233,14,28.95
PFTeDA,wholebody,22-0250,14,35.17
PFTeDA,wholebody,22-0202,21,88.86
PFTeDA,wholebody,22-0217,21,3.8
PFTeDA,wholebody,22-0218,21,37.31
PFTeDA,wholebody,22-0235,21,14.45
PFTeDA,wholebody,22-0240,21,5.08
PFTeDA,wholebody,22-0251,21,20.17
PFTeDA,wholebody,22-0203,28,16.91
PFTeDA,wholebody,22-0219,28,70.04
PFTeDA,wholebody,22-0221,28,10.8
PFTeDA,wholebody,22-0236,28,94.89
PFTeDA,wholebody,22-0241,28,4.06
PFTeDA,wholebody,22-0252,28,14.16
PFTeDA,wholebody,22-0182,35,25.83
PFTeDA,wholebody,22-0220,35,9.15
PFTeDA,wholebody,22-0224,35,13.53
PFTeDA,wholebody,22-0238,35,25.82
PFTeDA,wholebody,22-0253,35,7.15
PFTeDA,wholebody,22-0255,35,133.12
PFTeDA,wholebody,22-0183,42,12.95
PFTeDA,wholebody,00-0206,42,5.01
PFTeDA,wholebody,22-0222,42,95.43
PFTeDA,wholebody,22-0225,42,18.42
PFTeDA,wholebody,22-0254,42,17.87
PFTeDA,wholebody,22-0186,49,6.54
PFTeDA,wholebody,22-0205,49,46.89
PFTeDA,wholebody,22-0207,49,63.96
PFTeDA,wholebody,22-0223,49,39.84
PFTeDA,wholebody,22-0226,49,43.67
PFTeDA,wholebody,22-0244,49,48.95
PFTeDA,wholebody,22-0187,56,38.04
PFTeDA,wholebody,22-0208,56,34.73
PFTeDA,wholebody,22-0228,56,39.67
PFTeDA,wholebody,22-0229,56,11.64
PFTeDA,wholebody,22-0245,56,24.88
PFTeDA,wholebody,22-0256,56,9.36
PFUdA,liver,22-0180,0,98.82
PFUdA,liver,22-0181,0,20.44
PFUdA,liver,22-0196,0,16.69
PFUdA,liver,22-0199,0,9.6
PFUdA,liver,22-0201,0,14.78
PFUdA,liver,22-0209,0,11.42
PFUdA,liver,22-0210,0,31.09
PFUdA,liver,22-0213,0,30.66
PFUdA,liver,22-0230,0,59.01
PFUdA,liver,22-0231,0,17.52
PFUdA,liver,22-0246,0,16.25
PFUdA,liver,22-0247,0,11.27
PFUdA,liver,22-0237,0,5.2
PFUdA,liver,22-0197,7,95.89
PFUdA,liver,22-0212,7,58.98
PFUdA,liver,22-0214,7,79.94
PFUdA,liver,22-0232,7,50.07
PFUdA,liver,22-0234,7,41.65
PFUdA,liver,22-0249,7,96.9
PFUdA,liver,22-0200,14,301.36
PFUdA,liver,22-0215,14,58.96
PFUdA,liver,22-0216,14,60.65
PFUdA,liver,22-0233,14,156.79
PFUdA,liver,22-0250,14,68.93
PFUdA,liver,22-0202,21,161.65
PFUdA,liver,22-0217,21,41.79
PFUdA,liver,22-0218,21,151.33
PFUdA,liver,22-0235,21,170.53
PFUdA,liver,22-0240,21,93.56
PFUdA,liver,22-0251,21,154.28
PFUdA,liver,22-0203,28,202.62
PFUdA,liver,22-0219,28,241.24
PFUdA,liver,22-0221,28,167.16
PFUdA,liver,22-0236,28,277.84
PFUdA,liver,22-0241,28,125.73
PFUdA,liver,22-0252,28,182
PFUdA,liver,22-0182,35,294.06
PFUdA,liver,22-0220,35,237.13
PFUdA,liver,22-0224,35,153.42
PFUdA,liver,22-0238,35,25.13
PFUdA,liver,22-0253,35,187.76
PFUdA,liver,22-0255,35,260.22
PFUdA,liver,22-0183,42,83.26
PFUdA,liver,00-0206,42,168.54
PFUdA,liver,22-0222,42,288.84
PFUdA,liver,22-0225,42,196.68
PFUdA,liver,22-0254,42,148.73
PFUdA,liver,22-0186,49,156.75
PFUdA,liver,22-0205,49,152.19
PFUdA,liver,22-0207,49,353.74
PFUdA,liver,22-0223,49,85.99
PFUdA,liver,22-0226,49,125.43
PFUdA,liver,22-0244,49,205
PFUdA,liver,22-0187,56,170.25
PFUdA,liver,22-0208,56,148.23
PFUdA,liver,22-0228,56,207.87
PFUdA,liver,22-0229,56,127.05
PFUdA,liver,22-0245,56,78.55
PFUdA,liver,22-0256,56,110.75
PFUdA,wholebody,22-0180,0,15.62
PFUdA,wholebody,22-0181,0,1.73
PFUdA,wholebody,22-0196,0,5.94
PFUdA,wholebody,22-0199,0,4.58
PFUdA,wholebody,22-0201,0,1.05
PFUdA,wholebody,22-0209,0,4.05
PFUdA,wholebody,22-0210,0,4.01
PFUdA,wholebody,22-0213,0,5.55
PFUdA,wholebody,22-0230,0,17.89
PFUdA,wholebody,22-0231,0,3.4
PFUdA,wholebody,22-0246,0,3.93
PFUdA,wholebody,22-0247,0,2.66
PFUdA,wholebody,22-0237,0,3.93
PFUdA,wholebody,22-0197,7,25.52
PFUdA,wholebody,22-0212,7,33.56
PFUdA,wholebody,22-0214,7,54.93
PFUdA,wholebody,22-0232,7,15.47
PFUdA,wholebody,22-0234,7,10.81
PFUdA,wholebody,22-0249,7,42.21
PFUdA,wholebody,22-0200,14,33.52
PFUdA,wholebody,22-0215,14,19.12
PFUdA,wholebody,22-0216,14,105.79
PFUdA,wholebody,22-0233,14,31.49
PFUdA,wholebody,22-0250,14,32.51
PFUdA,wholebody,22-0202,21,55.99
PFUdA,wholebody,22-0217,21,18.13
PFUdA,wholebody,22-0218,21,137.1
PFUdA,wholebody,22-0235,21,37.21
PFUdA,wholebody,22-0240,21,26.76
PFUdA,wholebody,22-0251,21,56.08
PFUdA,wholebody,22-0203,28,0
PFUdA,wholebody,22-0219,28,88.75
PFUdA,wholebody,22-0221,28,128.63
PFUdA,wholebody,22-0236,28,73.21
PFUdA,wholebody,22-0241,28,31.41
PFUdA,wholebody,22-0252,28,85.11
PFUdA,wholebody,22-0182,35,92.86
PFUdA,wholebody,22-0220,35,33.77
PFUdA,wholebody,22-0224,35,76.59
PFUdA,wholebody,22-0238,35,39.46
PFUdA,wholebody,22-0253,35,29.07
PFUdA,wholebody,22-0255,35,110.38
PFUdA,wholebody,22-0183,42,43.32
PFUdA,wholebody,00-0206,42,36.72
PFUdA,wholebody,22-0222,42,97.08
PFUdA,wholebody,22-0225,42,95.51
PFUdA,wholebody,22-0254,42,54.01
PFUdA,wholebody,22-0186,49,19.4
PFUdA,wholebody,22-0205,49,39.03
PFUdA,wholebody,22-0207,49,82.51
PFUdA,wholebody,22-0223,49,109.55
PFUdA,wholebody,22-0226,49,70.24
PFUdA,wholebody,22-0244,49,56.36
PFUdA,wholebody,22-0187,56,109.72
PFUdA,wholebody,22-0208,56,69.22
PFUdA,wholebody,22-0228,56,96.22
PFUdA,wholebody,22-0229,56,44.95
PFUdA,wholebody,22-0245,56,23.43
PFUdA,wholebody,22-0256,56,27.41
PFPeA,liver,22-0180,0,0
PFPeA,liver,22-0181,0,0
PFPeA,liver,22-0196,0,0
PFPeA,liver,22-0199,0,0
PFPeA,liver,22-0201,0,0
PFPeA,liver,22-0209,0,0
PFPeA,liver,22-0210,0,0
PFPeA,liver,22-0213,0,0
PFPeA,liver,22-0230,0,0
PFPeA,liver,22-0231,0,0
PFPeA,liver,22-0246,0,0
PFPeA,liver,22-0247,0,0
PFPeA,liver,22-0237,0,0
PFPeA,liver,22-0197,7,0
PFPeA,liver,22-0212,7,0
PFPeA,liver,22-0214,7,0
PFPeA,liver,22-0232,7,0
PFPeA,liver,22-0234,7,0
PFPeA,liver,22-0249,7,0
PFPeA,liver,22-0200,14,0
PFPeA,liver,22-0215,14,0
PFPeA,liver,22-0216,14,0
PFPeA,liver,22-0233,14,0
PFPeA,liver,22-0250,14,0
PFPeA,liver,22-0202,21,0
PFPeA,liver,22-0217,21,0
PFPeA,liver,22-0218,21,0
PFPeA,liver,22-0235,21,0
PFPeA,liver,22-0240,21,0
PFPeA,liver,22-0251,21,0
PFPeA,liver,22-0203,28,0
PFPeA,liver,22-0219,28,0
PFPeA,liver,22-0221,28,0
PFPeA,liver,22-0236,28,0
PFPeA,liver,22-0241,28,0
PFPeA,liver,22-0252,28,0
PFPeA,liver,22-0182,35,0
PFPeA,liver,22-0220,35,0
PFPeA,liver,22-0224,35,0
PFPeA,liver,22-0238,35,0
PFPeA,liver,22-0253,35,0
PFPeA,liver,22-0255,35,0
PFPeA,liver,22-0183,42,0
PFPeA,liver,00-0206,42,0
PFPeA,liver,22-0222,42,0
PFPeA,liver,22-0225,42,0
PFPeA,liver,22-0254,42,0
PFPeA,liver,22-0186,49,0
PFPeA,liver,22-0205,49,0
PFPeA,liver,22-0207,49,0
PFPeA,liver,22-0223,49,0
PFPeA,liver,22-0226,49,0
PFPeA,liver,22-0244,49,0
PFPeA,liver,22-0187,56,0
PFPeA,liver,22-0208,56,0
PFPeA,liver,22-0228,56,0
PFPeA,liver,22-0229,56,0
PFPeA,liver,22-0245,56,0
PFPeA,liver,22-0256,56,0
PFPeA,wholebody,22-0180,0,0
PFPeA,wholebody,22-0181,0,0
PFPeA,wholebody,22-0196,0,0
PFPeA,wholebody,22-0199,0,0
PFPeA,wholebody,22-0201,0,0
PFPeA,wholebody,22-0209,0,0
PFPeA,wholebody,22-0210,0,0
PFPeA,wholebody,22-0213,0,0
PFPeA,wholebody,22-0230,0,0
PFPeA,wholebody,22-0231,0,0
PFPeA,wholebody,22-0246,0,0
PFPeA,wholebody,22-0247,0,0
PFPeA,wholebody,22-0237,0,0
PFPeA,wholebody,22-0197,7,0
PFPeA,wholebody,22-0212,7,0
PFPeA,wholebody,22-0214,7,0
PFPeA,wholebody,22-0232,7,0
PFPeA,wholebody,22-0234,7,0
PFPeA,wholebody,22-0249,7,0
PFPeA,wholebody,22-0200,14,0
PFPeA,wholebody,22-0215,14,0
PFPeA,wholebody,22-0216,14,0
PFPeA,wholebody,22-0233,14,0
PFPeA,wholebody,22-0250,14,0
PFPeA,wholebody,22-0202,21,0
PFPeA,wholebody,22-0217,21,0
PFPeA,wholebody,22-0218,21,0
PFPeA,wholebody,22-0235,21,0
PFPeA,wholebody,22-0240,21,0
PFPeA,wholebody,22-0251,21,0
PFPeA,wholebody,22-0203,28,0
PFPeA,wholebody,22-0219,28,0
PFPeA,wholebody,22-0221,28,0
PFPeA,wholebody,22-0236,28,0
PFPeA,wholebody,22-0241,28,0
PFPeA,wholebody,22-0252,28,0
PFPeA,wholebody,22-0182,35,0
PFPeA,wholebody,22-0220,35,0
PFPeA,wholebody,22-0224,35,0
PFPeA,wholebody,22-0238,35,0
PFPeA,wholebody,22-0253,35,0
PFPeA,wholebody,22-0255,35,0
PFPeA,wholebody,22-0183,42,0
PFPeA,wholebody,00-0206,42,0
PFPeA,wholebody,22-0222,42,0
PFPeA,wholebody,22-0225,42,0
PFPeA,wholebody,22-0254,42,0
PFPeA,wholebody,22-0186,49,0
PFPeA,wholebody,22-0205,49,0
PFPeA,wholebody,22-0207,49,0
PFPeA,wholebody,22-0223,49,0
PFPeA,wholebody,22-0226,49,0
PFPeA,wholebody,22-0244,49,0
PFPeA,wholebody,22-0187,56,0
PFPeA,wholebody,22-0208,56,0
PFPeA,wholebody,22-0228,56,0
PFPeA,wholebody,22-0229,56,0
PFPeA,wholebody,22-0245,56,0
PFPeA,wholebody,22-0256,56,0
PFHxA,liver,22-0180,0,0
PFHxA,liver,22-0181,0,0
PFHxA,liver,22-0196,0,0
PFHxA,liver,22-0199,0,0
PFHxA,liver,22-0201,0,0
PFHxA,liver,22-0209,0,0
PFHxA,liver,22-0210,0,0
PFHxA,liver,22-0213,0,0
PFHxA,liver,22-0230,0,2.03
PFHxA,liver,22-0231,0,5.69
PFHxA,liver,22-0246,0,0
PFHxA,liver,22-0247,0,0
PFHxA,liver,22-0237,0,0
PFHxA,liver,22-0197,7,0
PFHxA,liver,22-0212,7,0
PFHxA,liver,22-0214,7,4.82
PFHxA,liver,22-0232,7,0
PFHxA,liver,22-0234,7,5.26
PFHxA,liver,22-0249,7,4.75
PFHxA,liver,22-0200,14,9.34
PFHxA,liver,22-0215,14,5.79
PFHxA,liver,22-0216,14,6.84
PFHxA,liver,22-0233,14,7.3
PFHxA,liver,22-0250,14,0
PFHxA,liver,22-0202,21,0
PFHxA,liver,22-0217,21,4.66
PFHxA,liver,22-0218,21,5.25
PFHxA,liver,22-0235,21,0
PFHxA,liver,22-0240,21,0
PFHxA,liver,22-0251,21,0
PFHxA,liver,22-0203,28,3.74
PFHxA,liver,22-0219,28,0
PFHxA,liver,22-0221,28,0
PFHxA,liver,22-0236,28,0
PFHxA,liver,22-0241,28,0
PFHxA,liver,22-0252,28,0
PFHxA,liver,22-0182,35,0
PFHxA,liver,22-0220,35,0
PFHxA,liver,22-0224,35,0
PFHxA,liver,22-0238,35,0
PFHxA,liver,22-0253,35,0
PFHxA,liver,22-0255,35,0
PFHxA,liver,22-0183,42,0
PFHxA,liver,00-0206,42,0
PFHxA,liver,22-0222,42,0
PFHxA,liver,22-0225,42,0
PFHxA,liver,22-0254,42,0
PFHxA,liver,22-0186,49,0
PFHxA,liver,22-0205,49,0
PFHxA,liver,22-0207,49,0
PFHxA,liver,22-0223,49,0
PFHxA,liver,22-0226,49,0
PFHxA,liver,22-0244,49,0
PFHxA,liver,22-0187,56,0
PFHxA,liver,22-0208,56,0
PFHxA,liver,22-0228,56,0
PFHxA,liver,22-0229,56,0
PFHxA,liver,22-0245,56,0
PFHxA,liver,22-0256,56,0
PFHxA,wholebody,22-0180,0,0
PFHxA,wholebody,22-0181,0,0
PFHxA,wholebody,22-0196,0,0
PFHxA,wholebody,22-0199,0,0
PFHxA,wholebody,22-0201,0,0
PFHxA,wholebody,22-0209,0,0
PFHxA,wholebody,22-0210,0,0
PFHxA,wholebody,22-0213,0,0
PFHxA,wholebody,22-0230,0,0
PFHxA,wholebody,22-0231,0,0
PFHxA,wholebody,22-0246,0,0
PFHxA,wholebody,22-0247,0,0
PFHxA,wholebody,22-0237,0,0
PFHxA,wholebody,22-0197,7,0
PFHxA,wholebody,22-0212,7,0
PFHxA,wholebody,22-0214,7,0
PFHxA,wholebody,22-0232,7,0
PFHxA,wholebody,22-0234,7,0
PFHxA,wholebody,22-0249,7,0
PFHxA,wholebody,22-0200,14,3.78
PFHxA,wholebody,22-0215,14,5.75
PFHxA,wholebody,22-0216,14,0
PFHxA,wholebody,22-0233,14,2.17
PFHxA,wholebody,22-0250,14,0
PFHxA,wholebody,22-0202,21,0
PFHxA,wholebody,22-0217,21,9.38
PFHxA,wholebody,22-0218,21,4.96
PFHxA,wholebody,22-0235,21,0
PFHxA,wholebody,22-0240,21,0
PFHxA,wholebody,22-0251,21,0
PFHxA,wholebody,22-0203,28,0
PFHxA,wholebody,22-0219,28,7.83
PFHxA,wholebody,22-0221,28,0
PFHxA,wholebody,22-0236,28,0
PFHxA,wholebody,22-0241,28,0
PFHxA,wholebody,22-0252,28,0
PFHxA,wholebody,22-0182,35,0
PFHxA,wholebody,22-0220,35,0
PFHxA,wholebody,22-0224,35,0
PFHxA,wholebody,22-0238,35,0
PFHxA,wholebody,22-0253,35,0
PFHxA,wholebody,22-0255,35,0
PFHxA,wholebody,22-0183,42,0
PFHxA,wholebody,00-0206,42,0
PFHxA,wholebody,22-0222,42,0
PFHxA,wholebody,22-0225,42,0
PFHxA,wholebody,22-0254,42,0
PFHxA,wholebody,22-0186,49,0
PFHxA,wholebody,22-0205,49,0
PFHxA,wholebody,22-0207,49,0
PFHxA,wholebody,22-0223,49,0
PFHxA,wholebody,22-0226,49,0
PFHxA,wholebody,22-0244,49,0
PFHxA,wholebody,22-0187,56,0
PFHxA,wholebody,22-0208,56,0
PFHxA,wholebody,22-0228,56,0
PFHxA,wholebody,22-0229,56,0
PFHxA,wholebody,22-0245,56,0
PFHxA,wholebody,22-0256,56,0
PFBA,liver,22-0180,0,5.83
PFBA,liver,22-0181,0,12.41
PFBA,liver,22-0196,0,0
PFBA,liver,22-0199,0,0
PFBA,liver,22-0201,0,13.79
PFBA,liver,22-0209,0,4.03
PFBA,liver,22-0210,0,0
PFBA,liver,22-0213,0,0
PFBA,liver,22-0230,0,5.1
PFBA,liver,22-0231,0,0
PFBA,liver,22-0246,0,29.71
PFBA,liver,22-0247,0,23.82
PFBA,liver,22-0237,0,39.93
PFBA,liver,22-0197,7,70.05
PFBA,liver,22-0212,7,26.39
PFBA,liver,22-0214,7,25.21
PFBA,liver,22-0232,7,25.37
PFBA,liver,22-0234,7,10.77
PFBA,liver,22-0249,7,31.35
PFBA,liver,22-0200,14,25.45
PFBA,liver,22-0215,14,2.77
PFBA,liver,22-0216,14,3.8
PFBA,liver,22-0233,14,30.08
PFBA,liver,22-0250,14,0
PFBA,liver,22-0202,21,22.08
PFBA,liver,22-0217,21,11.31
PFBA,liver,22-0218,21,0
PFBA,liver,22-0235,21,4.96
PFBA,liver,22-0240,21,0
PFBA,liver,22-0251,21,19.63
PFBA,liver,22-0203,28,0
PFBA,liver,22-0219,28,6.14
PFBA,liver,22-0221,28,97.03
PFBA,liver,22-0236,28,4.68
PFBA,liver,22-0241,28,27.07
PFBA,liver,22-0252,28,39.45
PFBA,liver,22-0182,35,0
PFBA,liver,22-0220,35,3.11
PFBA,liver,22-0224,35,10.84
PFBA,liver,22-0238,35,0.59
PFBA,liver,22-0253,35,0
PFBA,liver,22-0255,35,4.28
PFBA,liver,22-0183,42,0
PFBA,liver,00-0206,42,5.46
PFBA,liver,22-0222,42,6.61
PFBA,liver,22-0225,42,0
PFBA,liver,22-0254,42,0
PFBA,liver,22-0186,49,0
PFBA,liver,22-0205,49,8.2
PFBA,liver,22-0207,49,0
PFBA,liver,22-0223,49,0
PFBA,liver,22-0226,49,3.85
PFBA,liver,22-0244,49,0
PFBA,liver,22-0187,56,0
PFBA,liver,22-0208,56,0
PFBA,liver,22-0228,56,16.75
PFBA,liver,22-0229,56,0
PFBA,liver,22-0245,56,3.96
PFBA,liver,22-0256,56,8.3
PFBA,wholebody,22-0180,0,10.98
PFBA,wholebody,22-0181,0,5.72
PFBA,wholebody,22-0196,0,0
PFBA,wholebody,22-0199,0,2.75
PFBA,wholebody,22-0201,0,3.5
PFBA,wholebody,22-0209,0,3.88
PFBA,wholebody,22-0210,0,9.99
PFBA,wholebody,22-0213,0,0
PFBA,wholebody,22-0230,0,0
PFBA,wholebody,22-0231,0,7.8
PFBA,wholebody,22-0246,0,30.38
PFBA,wholebody,22-0247,0,18.38
PFBA,wholebody,22-0237,0,7.36
PFBA,wholebody,22-0197,7,33.07
PFBA,wholebody,22-0212,7,26.75
PFBA,wholebody,22-0214,7,60.37
PFBA,wholebody,22-0232,7,17.88
PFBA,wholebody,22-0234,7,8.42
PFBA,wholebody,22-0249,7,21.17
PFBA,wholebody,22-0200,14,39.13
PFBA,wholebody,22-0215,14,11.88
PFBA,wholebody,22-0216,14,38.4
PFBA,wholebody,22-0233,14,12.96
PFBA,wholebody,22-0250,14,5.8
PFBA,wholebody,22-0202,21,23.99
PFBA,wholebody,22-0217,21,49.77
PFBA,wholebody,22-0218,21,0
PFBA,wholebody,22-0235,21,0
PFBA,wholebody,22-0240,21,19.87
PFBA,wholebody,22-0251,21,26.68
PFBA,wholebody,22-0203,28,13.58
PFBA,wholebody,22-0219,28,0
PFBA,wholebody,22-0221,28,8.98
PFBA,wholebody,22-0236,28,6.26
PFBA,wholebody,22-0241,28,12.13
PFBA,wholebody,22-0252,28,15.71
PFBA,wholebody,22-0182,35,2.37
PFBA,wholebody,22-0220,35,1.54
PFBA,wholebody,22-0224,35,13.83
PFBA,wholebody,22-0238,35,2.37
PFBA,wholebody,22-0253,35,0
PFBA,wholebody,22-0255,35,0
PFBA,wholebody,22-0183,42,12.67
PFBA,wholebody,00-0206,42,7.74
PFBA,wholebody,22-0222,42,1.66
PFBA,wholebody,22-0225,42,0
PFBA,wholebody,22-0254,42,0
PFBA,wholebody,22-0186,49,0
PFBA,wholebody,22-0205,49,7.78
PFBA,wholebody,22-0207,49,8.32
PFBA,wholebody,22-0223,49,0
PFBA,wholebody,22-0226,49,1.38
PFBA,wholebody,22-0244,49,3.31
PFBA,wholebody,22-0187,56,0
PFBA,wholebody,22-0208,56,0
PFBA,wholebody,22-0228,56,12.49
PFBA,wholebody,22-0229,56,4.97
PFBA,wholebody,22-0245,56,0
PFBA,wholebody,22-0256,56,1.8
